Palabra,Frecuencia
minerals,173
allison,247
hale,110
surgeon,464
pharmacist,317
seismic,161
hall,79
clinton,157
dcaedebefbaedbe,1
youth,163
osteopath,167
morton,100
emma,146
mcclure,107
victor,137
daugherty,100
prison,334
hooper,93
energy,351
gabriel,165
antonio,153
rebekah,148
investment,482
baker,100
hess,89
standards,135
journalist,449
solis,114
moore,103
ewing,119
hodge,103
roberson,102
dawn,140
kirby,104
glenn,219
spence,84
debra,149
newspaper,136
lonnie,127
mejia,109
kylie,144
callahan,89
heather,149
alvarado,107
hendricks,88
wesley,160
watts,116
duran,99
mindy,140
dominguez,113
huang,104
faulkner,99
editorial,157
a,486
licensed,147
vance,94
kenneth,126
gibson,106
union,156
conrad,100
police,182
seth,163
consultant,1230
frances,147
toxicologist,153
information,733
adrian,151
escobar,131
harrell,84
pruitt,108
kerry,145
good,102
sylvia,143
wise,129
andrea,126
sanchez,122
tim,172
avery,96
kerri,161
pam,155
karina,148
owen,104
andres,150
walker,105
davies,95
campbell,105
andrew,151
glenda,155
ponce,107
evan,153
barajas,109
printmaker,163
derrick,148
claims,332
lisa,136
santos,94
child,143
jeanne,142
manning,92
young,78
rojas,108
sara,149
ferguson,99
hart,113
morales,96
hendrix,102
bonilla,97
darren,140
webster,101
gavin,148
patrick,258
olson,110
jocelyn,124
coffey,109
airline,148
bruce,251
villegas,101
pilot,148
whitehead,106
floyd,108
byrd,91
colton,120
service,599
ramos,108
analyst,811
personnel,161
magazine,473
koch,101
wade,91
illustrator,270
priscilla,120
dietitian,171
schmidt,113
tonya,143
clarence,158
williams,104
mckenzie,239
corey,166
therapist,1150
oscar,154
paige,130
darius,146
gaines,86
tanner,236
merchandiser,314
birth,1
theodore,132
peck,108
leon,234
buckley,95
quinn,89
spears,107
medina,113
intelligence,157
sydney,133
equities,180
schultz,96
coach,153
crosby,107
roth,104
dodson,100
guy,130
protection,138
conveyancer,147
katrina,126
tom,151
walls,88
mason,215
caitlyn,137
davila,91
morrison,116
gilbert,235
product,315
raven,145
occupational,491
walter,239
willie,154
stephenson,114
foley,105
ross,243
kristen,160
contreras,116
herpetologist,155
willis,105
trevino,105
rose,235
oceanographer,154
holly,131
bryan,242
cox,98
associate,310
beltran,111
mckinney,97
charity,304
stewart,106
academic,157
west,101
lam,106
representative,307
traffic,170
matthew,155
physiologist,158
adriana,140
rickey,143
tutor,155
eefdccdbacdfaaa,1
carter,112
clinical,1105
snow,97
durham,96
virginia,145
mcmillan,93
arroyo,87
bush,100
bradshaw,90
perkins,100
kimberly,145
levy,89
laura,159
mallory,142
bryce,162
audiological,160
teacher,1187
marisa,142
pedro,137
hinton,105
odonnell,107
lester,85
land,162
lang,99
floor,159
lane,112
levi,143
hanson,93
exhibition,172
hays,89
chief,1094
bdfccabfbecadeb,1
inspector,473
annette,130
doctor,316
leonard,252
industrial,184
kaufman,99
jewellery,150
jessica,157
alicia,143
lamb,91
sport,314
maintenance,302
wall,87
radiographer,319
rowe,119
teresa,130
ibarra,107
payne,97
dudley,108
advertising,588
lee,224
duane,138
helen,129
bates,106
robbins,108
proofreader,173
lawrence,240
mccoy,80
adviser,789
worker,1509
press,346
dustin,143
marsh,89
facedababefaace,1
hopkins,98
environmental,660
garza,108
pace,101
carey,104
townsend,102
ivan,119
warehouse,165
processor,143
wang,99
kennedy,96
winters,97
hodges,88
shepard,97
woodard,126
finley,101
courtney,121
powell,83
karla,153
natasha,144
ware,97
ward,95
horticulturist,301
chase,253
marine,159
mcconnell,84
clay,114
schroeder,120
fuentes,104
desiree,164
moody,109
parrish,92
lara,105
knight,91
campos,89
pena,104
graphic,128
arts,425
bradford,104
swanson,120
consulting,152
krause,97
librarian,294
services,350
biomedical,314
shelly,152
marvin,147
marketing,358
speech,321
montoya,109
velasquez,111
maddox,109
fashion,159
insurance,818
hydrogeologist,159
medical,905
nixon,95
spencer,255
smith,85
juan,136
anne,151
accounting,161
lynch,102
anna,146
geoffrey,136
hailey,142
lin,104
russo,95
kevin,117
wolfe,98
harding,108
school,285
mccann,99
liu,113
roberta,148
erik,137
glass,245
last,1
hansen,100
bryant,86
eric,130
roberto,137
hayes,89
solicitor,150
savannah,127
watkins,74
norris,101
mcdaniel,103
dorothy,155
oncologist,167
roberts,87
harrison,110
blankenship,99
hydrologist,154
page,118
erin,135
burch,114
johns,99
destiny,141
tefl,152
scientist,2180
kramer,104
bullock,95
video,131
yates,105
house,256
newton,96
bowers,106
stark,121
jacob,146
early,315
tina,141
kristie,144
boyer,92
horton,114
eacabecdccabede,1
kristin,140
cristian,121
technician,787
reilly,102
engineer,4869
esparza,108
optometrist,166
colour,168
doyle,104
chang,104
watson,100
jerome,145
short,98
cooley,94
riley,243
pittman,105
finance,167
applications,166
rebecca,142
pratt,91
daniels,96
pitts,104
alice,145
jasmine,145
olsen,107
keith,224
judy,135
recruitment,139
golden,104
padilla,118
tran,100
gallery,298
flowers,106
ecccedcaeaabcff,1
sutton,112
cameron,226
goodman,101
deborah,135
heritage,158
ambulance,153
chris,141
passenger,134
madden,100
primary,274
adams,89
paula,165
carson,95
angela,153
artist,482
translator,141
bright,101
tourism,178
teaching,154
tourist,147
computer,150
roach,112
stefanie,194
mccall,83
theme,170
jackie,151
planner,899
cowan,109
haley,264
editor,594
darryl,152
werner,108
edwin,157
chad,144
miranda,229
briggs,103
gwendolyn,132
centre,760
gillespie,116
vernon,146
blown,162
waller,106
mullen,89
wiggins,96
cline,78
decker,84
wheeler,100
foster,100
cedeaddfaeafbfe,1
travel,153
chan,99
elaine,151
small,113
castillo,98
jennings,93
acevedo,118
counselling,193
dan,136
burton,98
ferrell,99
jordan,250
day,83
bean,86
actuary,173
humphrey,104
gabrielle,151
flores,104
sparks,88
gross,92
gabriella,151
tree,148
monica,150
walton,111
ochoa,91
water,457
donaldson,95
feccbfeaafbdcdc,1
candice,125
valdez,99
mariah,144
stokes,94
fbfefcbebcadeee,1
mike,150
beck,94
howard,256
logistics,158
shepherd,88
fuller,100
general,327
brewing,152
audrey,149
hurst,108
henson,94
hospital,303
tammy,145
jeanette,142
park,268
petersen,118
mudlogger,131
chen,100
hubbard,103
vickie,152
yoder,81
lecturer,286
diamond,136
calvin,132
earl,160
cooper,85
further,333
travis,241
novak,101
latasha,138
account,778
electronics,163
dickson,112
barry,233
browning,98
madeline,147
rhodes,101
sheena,144
mcdowell,102
mcneil,100
alejandra,138
salazar,98
davidson,86
stacy,141
lloyd,90
giles,89
oneill,84
banks,101
bill,137
christine,152
meyers,106
warren,264
buyer,508
senior,156
patty,154
wilkerson,105
combs,100
abbott,105
nunez,92
adfaacfefbfcdac,1
ballard,92
adult,483
theresa,129
shelley,138
beasley,83
amenity,147
technologist,1076
larsen,89
soil,159
samantha,145
interior,128
owens,102
stacie,151
elijah,156
peter,134
hotel,163
tracie,139
brad,151
leblanc,105
maynard,107
marco,141
operational,646
alejandro,140
staff,150
maldonado,89
katherine,120
abdeafddacbbffb,1
sandra,126
stage,294
archer,101
paul,242
glen,137
ryan,236
biochemist,128
archaeologist,135
accountant,625
murray,88
ortega,80
emergency,153
katelyn,157
villarreal,69
jaclyn,169
murillo,91
margaret,134
bird,105
legal,487
reginald,153
brianna,135
dispensing,141
chiropodist,162
brewer,275
richard,260
ralph,164
chartered,1459
hancock,100
coordinator,163
bray,96
sampson,112
barton,91
briana,168
middleton,91
brown,93
shelton,107
danny,130
cochran,124
zavala,109
osborn,103
anita,117
stein,93
analytical,152
rachael,150
purchasing,138
daryl,138
henderson,92
kline,112
training,307
dominic,132
title,1
maureen,132
dominique,159
telecommunications,150
mack,85
choi,104
suarez,105
seismologist,306
houston,96
randolph,112
marie,157
chandler,103
company,180
maria,163
thomas,246
ricardo,155
lacey,162
human,174
potter,118
troy,145
krueger,91
prince,114
whitaker,106
madison,143
harris,110
robinson,104
tommy,144
raymond,241
jesse,147
michael,245
henry,242
shields,87
print,127
pineda,103
macdonald,107
alexandra,132
stacey,142
grant,233
contracting,139
tami,155
holt,113
podiatrist,144
ebony,150
suzanne,147
devon,131
wagner,123
arias,88
zhang,99
ricky,151
acupuncturist,139
elliott,89
executive,1267
hines,91
gardner,114
randall,252
ruben,134
chloe,153
isabel,158
spatial,128
victoria,139
blackburn,89
bonnie,144
mcgrath,109
cartographer,149
mario,136
electrical,131
macias,104
hood,103
bell,100
curry,91
physicist,310
warner,99
broadcasting,131
jesus,166
field,333
schwartz,112
exhibitions,170
joyce,257
singh,95
mosley,88
melton,94
sellers,104
trading,135
don,139
mandy,145
romero,85
gloria,163
moses,105
caleb,131
baldwin,96
sanders,100
ellis,105
summer,147
robert,156
buchanan,75
government,334
bobby,162
joshua,122
austin,219
blair,96
nurse,757
jonathon,123
steve,154
melanie,130
dylan,156
leisure,161
acosta,97
sherri,173
klein,103
stephens,106
hannah,146
sloan,107
may,99
max,125
blake,258
health,1286
amber,152
tara,135
marks,100
caldwell,88
ariel,147
sabrina,149
harvey,95
stuart,214
deleon,104
adkins,108
hogan,103
malone,98
edward,147
donovan,100
wright,87
radio,312
heath,104
karen,147
firefighter,163
fine,167
reeves,84
berg,100
ingram,101
rubio,106
international,272
howell,98
sosa,97
waste,149
reyes,95
candace,121
downs,108
caroline,133
tate,102
dentist,166
sherry,132
julian,144
clayton,258
professor,315
horn,103
ortiz,106
kaiser,89
specialist,316
montgomery,105
weber,102
petty,103
lucero,115
patent,303
castaneda,88
derek,137
best,243
ellen,172
ball,80
beth,137
louis,165
make,153
jacobson,100
soto,87
gregory,259
gentry,96
outdoor,147
accommodation,151
writer,329
haynes,110
villa,106
judith,135
grimes,102
shawn,158
kristi,145
woodward,91
herbert,150
theatre,457
mullins,80
kristy,130
alyssa,132
richmond,91
howe,101
surveyor,1612
quality,303
booth,108
everett,97
miller,117
blackwell,93
cassandra,129
processing,160
animal,307
male,49848
ethan,129
mia,138
examiner,153
long,91
evans,102
christian,245
ian,139
operating,145
fred,145
herbalist,144
dwayne,156
breanna,148
equality,134
geochemist,159
dougherty,105
conley,102
controller,320
wolf,86
mann,112
drilling,172
maxwell,248
gordon,235
simon,112
friedman,115
fish,143
obrien,117
khan,109
micheal,151
patterson,99
nolan,111
ruiz,106
diane,130
ramirez,105
psychotherapist,449
agent,325
berry,98
fletcher,104
bishop,88
cannon,95
nicole,135
meza,101
hawkins,81
barr,90
sonya,137
streamer,160
schneider,105
jean,129
wood,94
tiffany,142
diana,143
crane,95
mckay,93
beard,96
wong,92
nicholson,97
bridget,148
arnold,91
bridges,88
lorraine,134
kellie,135
frey,79
psychiatrist,162
laboratory,482
forces,618
shaun,144
deanna,153
carrie,144
newman,102
avila,89
sheila,129
lori,149
barrister,150
jill,142
patel,100
yvette,144
pamela,160
kelley,93
harmon,86
lexicographer,134
mckee,96
rangel,95
bowman,81
keller,87
guzman,87
lopez,96
alvarez,106
mary,145
bass,86
sherman,115
navarro,98
belinda,147
marc,148
sandy,132
catering,148
jason,130
fisheries,174
mark,285
larson,103
jeff,143
paediatric,171
loss,166
fitzgerald,98
safety,344
price,111
games,313
vazquez,108
hernandez,103
isaac,138
michele,139
saunders,94
dancer,159
solomon,115
carney,78
mata,97
metallurgist,168
mercedes,161
michaela,144
broadcast,598
contractor,153
love,92
zuniga,108
architect,480
church,94
alexandria,137
christensen,118
foreign,339
snyder,85
mendoza,108
kyle,130
morse,100
tricia,145
carroll,121
event,177
jermaine,151
boone,102
agency,153
monroe,114
osborne,97
alexander,243
bartlett,97
schmitt,100
first,1
sharon,148
aguilar,92
atkinson,96
allen,263
stephanie,142
roman,80
moreno,94
lambert,81
maurice,136
abigail,146
riggs,90
forensic,306
brendan,139
mayo,98
velazquez,84
jimenez,81
hunter,226
mays,108
ayers,104
cortez,103
lowe,95
christy,137
sanford,106
mining,166
garcia,109
marcus,148
phillip,153
velez,118
weaver,101
arthur,150
ruth,138
sheppard,101
advice,172
scientific,328
manuel,147
jade,130
vincent,256
chung,103
tracy,146
network,161
christina,161
ayala,112
zoe,128
marilyn,133
jackson,235
operations,154
public,1112
meagan,158
craig,230
mathews,96
ashlee,151
peggy,141
traci,138
vicki,164
mcgee,105
sophia,169
ashley,225
summers,92
quantity,170
valencia,99
assistant,1081
stephen,151
trader,659
resources,174
darlene,167
guerrero,109
gilmore,117
rush,97
irwin,120
jack,139
calderon,110
krista,159
frederick,257
trade,445
hartman,108
garrison,95
meredith,145
francis,257
greene,105
stevens,96
veronica,152
landscape,155
pope,94
mcguire,87
copeland,83
branch,92
todd,215
building,802
neal,107
probation,328
espinoza,102
counsellor,157
music,470
neurosurgeon,183
benton,104
dramatherapist,144
farm,317
visual,156
mueller,107
zimmerman,124
diagnostic,165
cummings,97
hobbs,110
shannon,243
merchant,178
kathryn,144
ray,274
community,613
dyer,112
planning,314
farley,117
science,152
weeks,104
camacho,105
rollins,105
rodgers,92
weiss,88
logan,258
hardin,93
certified,161
scott,237
musician,176
morris,102
latoya,151
meyer,98
sheri,137
brandt,100
fernando,134
tyrone,145
brandi,139
fast,451
trials,169
comptroller,156
jeremy,143
brandy,140
silva,112
mackenzie,152
rural,280
clements,99
kayla,138
brittany,152
kelsey,147
benitez,97
mcintosh,115
agricultural,305
nathan,144
fitness,144
berger,97
morrow,99
female,50152
krystal,140
nina,179
geophysical,143
sonia,138
educational,439
holmes,103
organiser,177
curator,305
melinda,114
materials,163
buildings,151
washington,117
cheryl,153
vaughan,98
damon,152
coleman,99
private,150
technical,1077
billy,131
production,615
wallace,86
miles,110
gates,93
benjamin,255
eileen,135
brittney,147
richards,91
holloway,111
estrada,93
photographer,335
molecular,171
wanda,147
jake,131
dakota,143
frye,115
rich,94
rick,113
rice,104
linda,151
special,422
simmons,92
vanessa,140
collier,114
fleming,101
physiological,142
skinner,104
education,1244
doris,142
shah,97
hardy,108
moran,90
bookseller,125
years,144
fisher,97
psychiatric,145
mccormick,86
marcia,139
meteorologist,145
archivist,140
collins,114
herman,97
jerry,157
kurt,152
jane,159
lindsey,271
practitioner,310
massey,107
programmer,143
barnett,97
neil,144
sexton,101
evelyn,124
hudson,91
quarry,144
melody,135
graves,96
aid,156
chelsea,162
mendez,83
toni,128
dickerson,115
yesenia,128
wendy,138
air,468
kelly,218
holiday,150
retail,618
local,332
crew,304
cabrera,99
huffman,111
rights,144
chelsey,133
mcpherson,92
kelli,176
shari,153
television,485
immunologist,158
nichols,101
veterinary,164
tapia,92
kaylee,132
sharp,87
estes,91
nichole,135
heidi,155
movement,153
shaw,122
francisco,123
donald,113
jenna,154
shea,94
duke,107
tucker,104
sarah,156
hamilton,92
lindsay,140
hoover,92
jenny,165
ali,102
barker,99
rhonda,125
woods,123
estate,325
goodwin,91
tony,146
careers,442
sullivan,103
alan,148
franklin,243
joseph,253
terrell,94
wilkinson,109
martha,166
financial,1100
curtis,247
potts,108
media,316
amy,128
villanueva,115
gibbs,100
gill,104
cervantes,105
ana,161
tammie,140
and,2969
meghan,150
douglas,233
jacqueline,150
roy,252
chemist,152
ann,160
cesar,153
lydia,143
mills,115
shane,176
lewis,100
transport,281
olivia,153
braun,88
colleen,174
martin,231
schaefer,104
darrell,147
strategy,147
zachary,131
myers,82
munoz,106
ship,148
cantrell,95
conservator,144
johnson,91
stevenson,114
professional,320
nguyen,110
barrera,89
cordova,101
meadows,112
english,569
shawna,140
butler,98
dance,324
whitney,236
claudia,153
cardenas,100
nicholas,148
jay,153
alec,149
gina,156
gomez,90
reed,92
loretta,146
wilkins,105
brooks,86
cain,108
hammond,105
baird,106
alex,138
nutritionist,157
hampton,93
huynh,94
dunn,97
brooke,147
marquez,95
eddie,147
odom,76
ronnie,124
housing,149
patricia,153
miguel,137
devin,156
atkins,120
leach,107
diversity,134
jillian,146
gray,104
carrillo,92
ernest,139
malik,157
pacheco,107
grace,145
catherine,164
psychologist,973
galvan,106
art,608
reynolds,118
garrett,251
black,112
holder,120
hayden,242
bowen,96
broker,462
kidd,100
holden,98
tour,142
rios,87
call,155
shaffer,90
carlson,100
sheryl,164
wilson,87
rachel,156
hester,95
erika,131
armed,618
adrienne,143
oliver,120
relations,492
animator,141
perry,251
huerta,93
cohen,90
officer,9173
brenda,134
fischer,81
eaton,85
philip,131
geoscientist,166
research,1841
operator,328
features,175
white,84
furniture,316
johnathan,127
mercado,100
herring,86
geneticist,171
aeronautical,132
rosales,116
tristan,149
barrett,113
town,132
nielsen,82
holland,74
engineering,166
pharmacologist,170
levine,103
volunteer,163
museum,163
name,2
larry,154
reid,92
omar,142
parker,255
huff,110
fields,93
bolton,106
bernard,273
michelle,166
cathy,149
glover,107
rita,144
darin,125
gregg,157
pennington,110
elizabeth,134
griffin,110
armstrong,112
green,93
race,175
norton,90
hurley,98
kendra,146
greer,96
rodriguez,96
valentine,77
futures,156
bond,109
hanna,104
ronald,124
jeffrey,143
livingston,109
guidance,168
colon,96
yang,103
risk,627
greg,155
penny,162
mayer,104
colin,153
peters,97
janet,137
lowery,102
charles,231
jonathan,147
carpenter,102
merritt,93
jim,148
kathleen,133
tabitha,144
frost,87
gould,95
case,99
mccarthy,99
gene,153
mooney,98
davis,112
vasquez,103
clifford,142
carr,79
fitzpatrick,114
moon,84
phone,1
carl,132
figueroa,111
jimmy,139
bennett,111
fcefdddddcdafcf,1
cherry,105
zamora,114
compton,91
rocha,112
harry,150
exercise,324
gail,129
julie,162
diaz,101
web,175
julia,151
gallagher,98
bender,84
daisy,143
brock,100
mahoney,87
lobbyist,141
erickson,91
mora,107
freeman,104
monique,136
hebert,96
forbes,114
janice,147
mcmahon,106
cruz,92
hensley,101
nash,108
hull,109
erica,144
ariana,132
donna,167
navy,178
cuevas,90
disability,152
rogers,103
bonds,145
dawson,102
sawyer,90
brandon,148
hygienist,175
hunt,104
adam,165
presenter,151
marshall,107
king,104
market,169
moss,106
tracey,159
effects,147
producer,331
job,1
automotive,174
galloway,101
andre,138
castro,86
joe,125
hughes,104
jon,156
faith,118
knapp,93
proctor,110
administrator,888
database,149
joy,150
structural,157
arellano,97
cassidy,153
david,245
lawyer,163
mcfarland,89
leroy,155
phelps,93
ellison,95
designer,2054
haney,105
juarez,127
mercer,110
user,1
timothy,146
carmen,132
vega,100
customer,144
dixon,97
mentor,150
joan,145
edwards,105
renee,147
gaffer,164
pham,87
reese,107
diplomatic,181
megan,149
cristina,128
mcbride,114
sandoval,109
manufacturing,492
barron,99
pension,128
makayla,147
abecfafffecffff,1
orozco,115
molly,153
preston,250
kirk,249
amanda,157
effebbdccdadcef,1
textile,164
personal,155
natalie,149
oconnor,119
moyer,103
as,486
mccullough,101
steven,148
chemical,139
aaron,163
boyd,101
ergonomist,149
plant,170
higgins,120
jones,100
leslie,134
lynn,252
duffy,115
frank,252
dean,260
fundraiser,146
luis,142
strong,97
geographical,153
gerald,160
scheme,128
isabella,136
melissa,133
kemp,105
communications,171
systems,777
civil,1126
kaitlyn,152
gutierrez,91
kristina,156
set,168
richardson,106
kristine,139
sex,1
edgar,143
rowland,91
herrera,93
food,295
barnes,95
alexis,133
actor,177
pearson,107
joann,152
paramedic,174
becky,139
carlos,147
cynthia,143
hayley,147
bcdddfbbfabecef,1
language,477
terri,132
ford,110
luke,138
gary,133
fernandez,94
kent,233
justin,140
terrance,136
geologist,496
alison,150
joel,155
bautista,110
needs,137
flynn,97
franco,137
landry,103
jody,158
wiley,103
embryologist,170
homeopath,171
susan,132
simpson,99
vargas,104
terry,242
jodi,151
christie,169
little,121
robertson,88
sierra,137
regulatory,176
perez,100
luna,97
fox,87
riddle,89
jefferson,113
trainer,156
jasmin,153
molina,94
booker,94
charlene,157
harper,105
historic,295
gamble,127
walters,86
ecologist,142
nancy,142
valerie,161
cisneros,100
clark,89
management,457
tanya,139
farmer,99
pathologist,151
developer,625
mcclain,97
bradley,229
burgess,112
promotion,325
microbiologist,173
practice,313
ho,86
mechanical,159
carol,156
conway,84
jacobs,112
mccarty,112
bailey,234
william,145
peterson,92
delgado,101
id,1
french,101
burns,95
becker,95
sweeney,90
director,295
beverly,142
kerr,76
index,1
jaime,151
denise,156
eduardo,149
jeffery,138
it,621
fry,96
aimee,163
misty,155
connor,148
conservation,144
ccddfcbeedbfece,1
shelby,141
steele,89
dorsey,78
farrell,93
santiago,99
mikayla,144
john,138
christopher,166
debbie,133
eugene,167
jennifer,147
jo,138
crystal,154
johnston,105
hatfield,93
haematologist,153
chaney,99
marissa,141
russell,235
astronomer,178
jenkins,105
barbara,136
camera,328
yvonne,148
immigration,176
ritter,107
cunningham,100
frazier,117
restaurant,304
lawson,119
katie,135
sergio,137
commissioning,134
pensions,150
emeritus,159
multimedia,288
turner,95
nathaniel,161
corporate,336
le,106
patton,93
mclaughlin,107
facilities,137
powers,85
li,92
kathy,156
hutchinson,95
hicks,84
cobb,103
burke,103
kristopher,169
political,141
chapman,96
office,149
lozano,99
angel,148
roger,152
tasha,126
second,147
harrington,116
pugh,96
huber,99
vang,100
morgan,259
poole,90
alvin,148
noah,135
petroleum,154
brian,151
porter,94
rosario,98
baxter,102
gallegos,91
lance,156
author,149
blevins,113
daniel,248
fritz,118
gabriela,148
bob,157
adjuster,319
noble,80
trevor,155
mathis,102
kane,106
carly,150
shirley,134
chambers,92
montes,107
mental,308
sean,154
hickman,94
tamara,141
stafford,107
boy,154
murphy,98
of,151
benson,120
savage,128
boyle,95
robyn,139
economist,145
sports,666
social,482
nature,144
anderson,126
alisha,116
cross,120
carla,154
recycling,148
control,465
brennan,120
andrade,116
drew,153
clerk,189
blanchard,100
shelia,149
radiation,138
jared,145
dillon,228
duncan,118
oconnell,115
angie,140
lutz,101
crawford,106
parsons,91
handler,166
melvin,126
valenzuela,104
walsh,95
andrews,86
salas,93
physiotherapist,135
publishing,298
calhoun,90
angelica,148
karl,160
phytotherapist,161
kiara,148
interpreter,313
mitchell,249
jeremiah,154
cody,154
collin,147
charlotte,133
secondary,306
attorney,296
mathew,140
kara,133
javier,127
clarke,92
autumn,130
kari,174
sub,338
joanne,148
sue,158
conference,153
cabin,304
sims,108
davenport,80
jarvis,93
jensen,92
joanna,142
kaitlin,141
mcdonald,96
secretary,467
george,229
mclean,96
samuel,168
thompson,83
wayne,158
email,1
pierce,112
key,97
ceramics,170
williamson,103
manager,7643
ophthalmologist,144
jose,144
norma,147
mcintyre,88
hill,107
connie,134
wilcox,85
dealer,152
kirsten,155
pollard,98
randy,158
regina,147
commercial,288
phillips,92
felicia,144
thornton,94
garner,107
dennis,254
carolyn,132
delacruz,102
dale,160
waters,85
cytogeneticist,318
horticultural,306
cassie,143
phyllis,144
griffith,105
rodney,144
nelson,97
vaughn,94
chiropractor,169
stanton,82
horne,95
andersen,107
naval,166
laurie,147
nutritional,165
wyatt,251
support,159
knox,108
alfred,137
higher,462
melendez,86
records,167
learning,463
cole,227
gonzales,114
kim,258
brett,146
serrano,94
bauer,86
gonzalez,94
copywriter,148
histocompatibility,162
haas,113
yolanda,122
dana,146
wu,108
gay,107
singleton,106
orthoptist,143
robles,104
fowler,99
casey,224
technology,162
orr,104
norman,251
stone,96
statistician,158
bentley,111
cindy,159
location,142
anthony,238
welch,112
brent,146
software,130
aguirre,104
rasmussen,106
april,137
matthews,107
therapeutic,154
strickland,103
nicolas,140
arboriculturist,138
instrumentation,145
yu,95
mcknight,110
bianca,149
lauren,159
researcher,785
banker,911
duarte,106
burnett,102
dunlap,108
forwarder,145
johnny,131
hydrographic,171
betty,151
freight,145
james,263
martinez,89
dalton,229
claire,156
underwood,98
distribution,158
hoffman,98
leah,143
rivera,105
chavez,108
xavier,144
copy,310
barber,99
oneal,107
rivers,98
terrence,160
jorge,142
caitlin,142
cook,109
sally,136
optician,141
site,172
architectural,127
date,1
lucas,263
data,451
danielle,147
alexa,148
barista,155
treasurer,183
sales,759
hahn,97
parks,100
costa,95
bethany,122
drake,95
ramsey,78
cory,155
development,963
taylor,250
hector,167
tax,465
torres,101
jamie,148
midwife,153
person,153
cheyenne,139
webb,87
cooke,110
visitor,167
selena,144
dave,134
trujillo,105
stout,97
graham,106
emily,156
robin,137
buck,112
albert,141
isaiah,149
wells,101
affairs,338
wellsite,176
salinas,110
conner,92
rivas,106
guerra,91
harold,151
lyons,99
tyler,260
cantu,82
palmer,94
santana,88
york,105
stanley,275
brady,266
underwriter,158
